month,usd_per_kg,unit,file_note
2000M01,2.45,($/kg),"Updated on October 02, 2026"
2000M02,2.28,($/kg),"Updated on October 02, 2026"
2000M03,2.22,($/kg),"Updated on October 02, 2026"
2000M04,2.09,($/kg),"Updated on October 02, 2026"
2000M05,2.08,($/kg),"Updated on October 02, 2026"
2000M06,1.91,($/kg),"Updated on October 02, 2026"
2000M07,1.93,($/kg),"Updated on October 02, 2026"
2000M08,1.7,($/kg),"Updated on October 02, 2026"
2000M09,1.67,($/kg),"Updated on October 02, 2026"
2000M10,1.69,($/kg),"Updated on October 02, 2026"
2000M11,1.58,($/kg),"Updated on October 02, 2026"
2000M12,1.46,($/kg),"Updated on October 02, 2026"
2001M01,1.45,($/kg),"Updated on October 02, 2026"
2001M02,1.48,($/kg),"Updated on October 02, 2026"
2001M03,1.47,($/kg),"Updated on October 02, 2026"
2001M04,1.46,($/kg),"Updated on October 02, 2026"
2001M05,1.53,($/kg),"Updated on October 02, 2026"
2001M06,1.41,($/kg),"Updated on October 02, 2026"
2001M07,1.29,($/kg),"Updated on October 02, 2026"
2001M08,1.32,($/kg),"Updated on October 02, 2026"
2001M09,1.28,($/kg),"Updated on October 02, 2026"
2001M10,1.24,($/kg),"Updated on October 02, 2026"
2001M11,1.3,($/kg),"Updated on October 02, 2026"
2001M12,1.25,($/kg),"Updated on October 02, 2026"
2002M01,1.28,($/kg),"Updated on October 02, 2026"
2002M02,1.3,($/kg),"Updated on October 02, 2026"
2002M03,1.42,($/kg),"Updated on October 02, 2026"
2002M04,1.44,($/kg),"Updated on October 02, 2026"
2002M05,1.35,($/kg),"Updated on October 02, 2026"
2002M06,1.29,($/kg),"Updated on October 02, 2026"
2002M07,1.25,($/kg),"Updated on October 02, 2026"
2002M08,1.2,($/kg),"Updated on October 02, 2026"
2002M09,1.34,($/kg),"Updated on October 02, 2026"
2002M10,1.45,($/kg),"Updated on October 02, 2026"
2002M11,1.54,($/kg),"Updated on October 02, 2026"
2002M12,1.41,($/kg),"Updated on October 02, 2026"
2003M01,1.45,($/kg),"Updated on October 02, 2026"
2003M02,1.46,($/kg),"Updated on October 02, 2026"
2003M03,1.36,($/kg),"Updated on October 02, 2026"
2003M04,1.43,($/kg),"Updated on October 02, 2026"
2003M05,1.46,($/kg),"Updated on October 02, 2026"
2003M06,1.35,($/kg),"Updated on October 02, 2026"
2003M07,1.39,($/kg),"Updated on October 02, 2026"
2003M08,1.41,($/kg),"Updated on October 02, 2026"
2003M09,1.46,($/kg),"Updated on October 02, 2026"
2003M10,1.42,($/kg),"Updated on October 02, 2026"
2003M11,1.37,($/kg),"Updated on October 02, 2026"
2003M12,1.43,($/kg),"Updated on October 02, 2026"
2004M01,1.6,($/kg),"Updated on October 02, 2026"
2004M02,1.68,($/kg),"Updated on October 02, 2026"
2004M03,1.72,($/kg),"Updated on October 02, 2026"
2004M04,1.66,($/kg),"Updated on October 02, 2026"
2004M05,1.7,($/kg),"Updated on October 02, 2026"
2004M06,1.81,($/kg),"Updated on October 02, 2026"
2004M07,1.65,($/kg),"Updated on October 02, 2026"
2004M08,1.62,($/kg),"Updated on October 02, 2026"
2004M09,1.77,($/kg),"Updated on October 02, 2026"
2004M10,1.78,($/kg),"Updated on October 02, 2026"
2004M11,1.99,($/kg),"Updated on October 02, 2026"
2004M12,2.3,($/kg),"Updated on October 02, 2026"
2005M01,2.36,($/kg),"Updated on October 02, 2026"
2005M02,2.66,($/kg),"Updated on October 02, 2026"
2005M03,2.98,($/kg),"Updated on October 02, 2026"
2005M04,2.86,($/kg),"Updated on October 02, 2026"
2005M05,2.83,($/kg),"Updated on October 02, 2026"
2005M06,2.67,($/kg),"Updated on October 02, 2026"
2005M07,2.42,($/kg),"Updated on October 02, 2026"
2005M08,2.39,($/kg),"Updated on October 02, 2026"
2005M09,2.19,($/kg),"Updated on October 02, 2026"
2005M10,2.32,($/kg),"Updated on October 02, 2026"
2005M11,2.38,($/kg),"Updated on October 02, 2026"
2005M12,2.33,($/kg),"Updated on October 02, 2026"
2006M01,2.74,($/kg),"Updated on October 02, 2026"
2006M02,2.63,($/kg),"Updated on October 02, 2026"
2006M03,2.51,($/kg),"Updated on October 02, 2026"
2006M04,2.54,($/kg),"Updated on October 02, 2026"
2006M05,2.41,($/kg),"Updated on October 02, 2026"
2006M06,2.27,($/kg),"Updated on October 02, 2026"
2006M07,2.31,($/kg),"Updated on October 02, 2026"
2006M08,2.46,($/kg),"Updated on October 02, 2026"
2006M09,2.42,($/kg),"Updated on October 02, 2026"
2006M10,2.44,($/kg),"Updated on October 02, 2026"
2006M11,2.7,($/kg),"Updated on October 02, 2026"
2006M12,2.83,($/kg),"Updated on October 02, 2026"
2007M01,2.75,($/kg),"Updated on October 02, 2026"
2007M02,2.69,($/kg),"Updated on October 02, 2026"
2007M03,2.58,($/kg),"Updated on October 02, 2026"
2007M04,2.53,($/kg),"Updated on October 02, 2026"
2007M05,2.5,($/kg),"Updated on October 02, 2026"
2007M06,2.63,($/kg),"Updated on October 02, 2026"
2007M07,2.59,($/kg),"Updated on October 02, 2026"
2007M08,2.72,($/kg),"Updated on October 02, 2026"
2007M09,2.82,($/kg),"Updated on October 02, 2026"
2007M10,2.96,($/kg),"Updated on October 02, 2026"
2007M11,2.89,($/kg),"Updated on October 02, 2026"
2007M12,3.03,($/kg),"Updated on October 02, 2026"
2008M01,3.08,($/kg),"Updated on October 02, 2026"
2008M02,3.47,($/kg),"Updated on October 02, 2026"
2008M03,3.3,($/kg),"Updated on October 02, 2026"
2008M04,3.1,($/kg),"Updated on October 02, 2026"
2008M05,3.13,($/kg),"Updated on October 02, 2026"
2008M06,3.22,($/kg),"Updated on October 02, 2026"
2008M07,3.25,($/kg),"Updated on October 02, 2026"
2008M08,3.23,($/kg),"Updated on October 02, 2026"
2008M09,3.16,($/kg),"Updated on October 02, 2026"
2008M10,2.72,($/kg),"Updated on October 02, 2026"
2008M11,2.69,($/kg),"Updated on October 02, 2026"
2008M12,2.62,($/kg),"Updated on October 02, 2026"
2009M01,2.83,($/kg),"Updated on October 02, 2026"
2009M02,2.85,($/kg),"Updated on October 02, 2026"
2009M03,2.83,($/kg),"Updated on October 02, 2026"
2009M04,2.97,($/kg),"Updated on October 02, 2026"
2009M05,3.33,($/kg),"Updated on October 02, 2026"
2009M06,3.3,($/kg),"Updated on October 02, 2026"
2009M07,3.11,($/kg),"Updated on October 02, 2026"
2009M08,3.3,($/kg),"Updated on October 02, 2026"
2009M09,3.27,($/kg),"Updated on October 02, 2026"
2009M10,3.41,($/kg),"Updated on October 02, 2026"
2009M11,3.36,($/kg),"Updated on October 02, 2026"
2009M12,3.49,($/kg),"Updated on October 02, 2026"
2010M01,3.5,($/kg),"Updated on October 02, 2026"
2010M02,3.48,($/kg),"Updated on October 02, 2026"
2010M03,3.63,($/kg),"Updated on October 02, 2026"
2010M04,3.73,($/kg),"Updated on October 02, 2026"
2010M05,3.82,($/kg),"Updated on October 02, 2026"
2010M06,4.21,($/kg),"Updated on October 02, 2026"
2010M07,4.48,($/kg),"Updated on October 02, 2026"
2010M08,4.66,($/kg),"Updated on October 02, 2026"
2010M09,4.91,($/kg),"Updated on October 02, 2026"
2010M10,4.8,($/kg),"Updated on October 02, 2026"
2010M11,5.15,($/kg),"Updated on October 02, 2026"
2010M12,5.47,($/kg),"Updated on October 02, 2026"
2011M01,5.82,($/kg),"Updated on October 02, 2026"
2011M02,6.35,($/kg),"Updated on October 02, 2026"
2011M03,6.44,($/kg),"Updated on October 02, 2026"
2011M04,6.62,($/kg),"Updated on October 02, 2026"
2011M05,6.42,($/kg),"Updated on October 02, 2026"
2011M06,6.06,($/kg),"Updated on October 02, 2026"
2011M07,5.91,($/kg),"Updated on October 02, 2026"
2011M08,5.96,($/kg),"Updated on October 02, 2026"
2011M09,6.06,($/kg),"Updated on October 02, 2026"
2011M10,5.46,($/kg),"Updated on October 02, 2026"
2011M11,5.4,($/kg),"Updated on October 02, 2026"
2011M12,5.22,($/kg),"Updated on October 02, 2026"
2012M01,5.23,($/kg),"Updated on October 02, 2026"
2012M02,4.94,($/kg),"Updated on October 02, 2026"
2012M03,4.44,($/kg),"Updated on October 02, 2026"
2012M04,4.22,($/kg),"Updated on October 02, 2026"
2012M05,4.07,($/kg),"Updated on October 02, 2026"
2012M06,3.72,($/kg),"Updated on October 02, 2026"
2012M07,4.2,($/kg),"Updated on October 02, 2026"
2012M08,3.85,($/kg),"Updated on October 02, 2026"
2012M09,3.95,($/kg),"Updated on October 02, 2026"
2012M10,3.82,($/kg),"Updated on October 02, 2026"
2012M11,3.53,($/kg),"Updated on October 02, 2026"
2012M12,3.37,($/kg),"Updated on October 02, 2026"
2013M01,3.47,($/kg),"Updated on October 02, 2026"
2013M02,3.3,($/kg),"Updated on October 02, 2026"
2013M03,3.3,($/kg),"Updated on October 02, 2026"
2013M04,3.3,($/kg),"Updated on October 02, 2026"
2013M05,3.24,($/kg),"Updated on October 02, 2026"
2013M06,3.05,($/kg),"Updated on October 02, 2026"
2013M07,3.05,($/kg),"Updated on October 02, 2026"
2013M08,2.98,($/kg),"Updated on October 02, 2026"
2013M09,2.92,($/kg),"Updated on October 02, 2026"
2013M10,2.84,($/kg),"Updated on October 02, 2026"
2013M11,2.69,($/kg),"Updated on October 02, 2026"
2013M12,2.78,($/kg),"Updated on October 02, 2026"
2014M01,2.93,($/kg),"Updated on October 02, 2026"
2014M02,3.83,($/kg),"Updated on October 02, 2026"
2014M03,4.72,($/kg),"Updated on October 02, 2026"
2014M04,4.93,($/kg),"Updated on October 02, 2026"
2014M05,4.72,($/kg),"Updated on October 02, 2026"
2014M06,4.36,($/kg),"Updated on October 02, 2026"
2014M07,4.34,($/kg),"Updated on October 02, 2026"
2014M08,4.7,($/kg),"Updated on October 02, 2026"
2014M09,4.64,($/kg),"Updated on October 02, 2026"
2014M10,4.97,($/kg),"Updated on October 02, 2026"
2014M11,4.62,($/kg),"Updated on October 02, 2026"
2014M12,4.34,($/kg),"Updated on October 02, 2026"
2015M01,4.19,($/kg),"Updated on October 02, 2026"
2015M02,3.94,($/kg),"Updated on October 02, 2026"
2015M03,3.54,($/kg),"Updated on October 02, 2026"
2015M04,3.62,($/kg),"Updated on October 02, 2026"
2015M05,3.49,($/kg),"Updated on October 02, 2026"
2015M06,3.52,($/kg),"Updated on October 02, 2026"
2015M07,3.41,($/kg),"Updated on October 02, 2026"
2015M08,3.46,($/kg),"Updated on October 02, 2026"
2015M09,3.22,($/kg),"Updated on October 02, 2026"
2015M10,3.38,($/kg),"Updated on October 02, 2026"
2015M11,3.26,($/kg),"Updated on October 02, 2026"
2015M12,3.28,($/kg),"Updated on October 02, 2026"
2016M01,3.2,($/kg),"Updated on October 02, 2026"
2016M02,3.26,($/kg),"Updated on October 02, 2026"
2016M03,3.47,($/kg),"Updated on October 02, 2026"
2016M04,3.4,($/kg),"Updated on October 02, 2026"
2016M05,3.42,($/kg),"Updated on October 02, 2026"
2016M06,3.65,($/kg),"Updated on October 02, 2026"
2016M07,3.79,($/kg),"Updated on October 02, 2026"
2016M08,3.69,($/kg),"Updated on October 02, 2026"
2016M09,3.89,($/kg),"Updated on October 02, 2026"
2016M10,3.95,($/kg),"Updated on October 02, 2026"
2016M11,4.06,($/kg),"Updated on October 02, 2026"
2016M12,3.57,($/kg),"Updated on October 02, 2026"
2017M01,3.72,($/kg),"Updated on October 02, 2026"
2017M02,3.67,($/kg),"Updated on October 02, 2026"
2017M03,3.53,($/kg),"Updated on October 02, 2026"
2017M04,3.43,($/kg),"Updated on October 02, 2026"
2017M05,3.31,($/kg),"Updated on October 02, 2026"
2017M06,3.16,($/kg),"Updated on October 02, 2026"
2017M07,3.3,($/kg),"Updated on October 02, 2026"
2017M08,3.3,($/kg),"Updated on October 02, 2026"
2017M09,3.23,($/kg),"Updated on October 02, 2026"
2017M10,3.1,($/kg),"Updated on October 02, 2026"
2017M11,3.11,($/kg),"Updated on October 02, 2026"
2017M12,3.03,($/kg),"Updated on October 02, 2026"
2018M01,3.06,($/kg),"Updated on October 02, 2026"
2018M02,3,($/kg),"Updated on October 02, 2026"
2018M03,2.98,($/kg),"Updated on October 02, 2026"
2018M04,2.96,($/kg),"Updated on October 02, 2026"
2018M05,2.99,($/kg),"Updated on October 02, 2026"
2018M06,2.95,($/kg),"Updated on October 02, 2026"
2018M07,2.88,($/kg),"Updated on October 02, 2026"
2018M08,2.76,($/kg),"Updated on October 02, 2026"
2018M09,2.67,($/kg),"Updated on October 02, 2026"
2018M10,3.03,($/kg),"Updated on October 02, 2026"
2018M11,3.02,($/kg),"Updated on October 02, 2026"
2018M12,2.8,($/kg),"Updated on October 02, 2026"
2019M01,2.83,($/kg),"Updated on October 02, 2026"
2019M02,2.83,($/kg),"Updated on October 02, 2026"
2019M03,2.73,($/kg),"Updated on October 02, 2026"
2019M04,2.67,($/kg),"Updated on October 02, 2026"
2019M05,2.66,($/kg),"Updated on October 02, 2026"
2019M06,2.86,($/kg),"Updated on October 02, 2026"
2019M07,2.99,($/kg),"Updated on October 02, 2026"
2019M08,2.78,($/kg),"Updated on October 02, 2026"
2019M09,2.84,($/kg),"Updated on October 02, 2026"
2019M10,2.8,($/kg),"Updated on October 02, 2026"
2019M11,3.11,($/kg),"Updated on October 02, 2026"
2019M12,3.46,($/kg),"Updated on October 02, 2026"
2020M01,3.13,($/kg),"Updated on October 02, 2026"
2020M02,2.99,($/kg),"Updated on October 02, 2026"
2020M03,3.27,($/kg),"Updated on October 02, 2026"
2020M04,3.41,($/kg),"Updated on October 02, 2026"
2020M05,3.3,($/kg),"Updated on October 02, 2026"
2020M06,3.12,($/kg),"Updated on October 02, 2026"
2020M07,3.24,($/kg),"Updated on October 02, 2026"
2020M08,3.6,($/kg),"Updated on October 02, 2026"
2020M09,3.67,($/kg),"Updated on October 02, 2026"
2020M10,3.35,($/kg),"Updated on October 02, 2026"
2020M11,3.32,($/kg),"Updated on October 02, 2026"
2020M12,3.48,($/kg),"Updated on October 02, 2026"
2021M01,3.54,($/kg),"Updated on October 02, 2026"
2021M02,3.67,($/kg),"Updated on October 02, 2026"
2021M03,3.68,($/kg),"Updated on October 02, 2026"
2021M04,3.72,($/kg),"Updated on October 02, 2026"
2021M05,4.11,($/kg),"Updated on October 02, 2026"
2021M06,4.24,($/kg),"Updated on October 02, 2026"
2021M07,4.5,($/kg),"Updated on October 02, 2026"
2021M08,4.77,($/kg),"Updated on October 02, 2026"
2021M09,4.97,($/kg),"Updated on October 02, 2026"
2021M10,5.31,($/kg),"Updated on October 02, 2026"
2021M11,5.71,($/kg),"Updated on October 02, 2026"
2021M12,5.91,($/kg),"Updated on October 02, 2026"
2022M01,5.98,($/kg),"Updated on October 02, 2026"
2022M02,6.17,($/kg),"Updated on October 02, 2026"
2022M03,5.7,($/kg),"Updated on October 02, 2026"
2022M04,5.85,($/kg),"Updated on October 02, 2026"
2022M05,5.74,($/kg),"Updated on October 02, 2026"
2022M06,6.03,($/kg),"Updated on October 02, 2026"
2022M07,5.64,($/kg),"Updated on October 02, 2026"
2022M08,5.92,($/kg),"Updated on October 02, 2026"
2022M09,5.9,($/kg),"Updated on October 02, 2026"
2022M10,5.29,($/kg),"Updated on October 02, 2026"
2022M11,4.72,($/kg),"Updated on October 02, 2026"
2022M12,4.63,($/kg),"Updated on October 02, 2026"
2023M01,4.56,($/kg),"Updated on October 02, 2026"
2023M02,5.06,($/kg),"Updated on October 02, 2026"
2023M03,4.9,($/kg),"Updated on October 02, 2026"
2023M04,5.06,($/kg),"Updated on October 02, 2026"
2023M05,4.85,($/kg),"Updated on October 02, 2026"
2023M06,4.57,($/kg),"Updated on October 02, 2026"
2023M07,4.27,($/kg),"Updated on October 02, 2026"
2023M08,4.12,($/kg),"Updated on October 02, 2026"
2023M09,4.05,($/kg),"Updated on October 02, 2026"
2023M10,4.05,($/kg),"Updated on October 02, 2026"
2023M11,4.35,($/kg),"Updated on October 02, 2026"
2023M12,4.65,($/kg),"Updated on October 02, 2026"
2024M01,4.47,($/kg),"Updated on October 02, 2026"
2024M02,4.6,($/kg),"Updated on October 02, 2026"
2024M03,4.61,($/kg),"Updated on October 02, 2026"
2024M04,5.27,($/kg),"Updated on October 02, 2026"
2024M05,5.08,($/kg),"Updated on October 02, 2026"
2024M06,5.48,($/kg),"Updated on October 02, 2026"
2024M07,5.67,($/kg),"Updated on October 02, 2026"
2024M08,5.76,($/kg),"Updated on October 02, 2026"
2024M09,6.12,($/kg),"Updated on October 02, 2026"
2024M10,6.1,($/kg),"Updated on October 02, 2026"
2024M11,6.72,($/kg),"Updated on October 02, 2026"
2024M12,7.57,($/kg),"Updated on October 02, 2026"
2025M01,7.81,($/kg),"Updated on October 02, 2026"
2025M02,9.05,($/kg),"Updated on October 02, 2026"
2025M03,8.92,($/kg),"Updated on October 02, 2026"
2025M04,8.64,($/kg),"Updated on October 02, 2026"
2025M05,8.77,($/kg),"Updated on October 02, 2026"
2025M06,8.01,($/kg),"Updated on October 02, 2026"
2025M07,7.18,($/kg),"Updated on October 02, 2026"
2025M08,8.08,($/kg),"Updated on October 02, 2026"
2025M09,8.83,($/kg),"Updated on October 02, 2026"
2025M10,8.9,($/kg),"Updated on October 02, 2026"
2025M11,9.05,($/kg),"Updated on October 02, 2026"
2025M12,8.4,($/kg),"Updated on October 02, 2026"
2026M01,8.02,($/kg),"Updated on October 02, 2026"
2026M02,7.08,($/kg),"Updated on October 02, 2026"
2026M03,7.37,($/kg),"Updated on October 02, 2026"
2026M04,7.3,($/kg),"Updated on October 02, 2026"
2026M05,6.95,($/kg),"Updated on October 02, 2026"
2026M06,6.79,($/kg),"Updated on October 02, 2026"
2026M07,7.91,($/kg),"Updated on October 02, 2026"
2026M08,7.97,($/kg),"Updated on October 02, 2026"
2026M09,7.26,($/kg),"Updated on October 02, 2026"
