auction,auction_date,grade,net_kg,price_usd_per_50kg,status
TCB/M/1,10/SEP/2026,F,1593,190.00,sold
TCB/M/1,10/SEP/2026,F,915,204.00,sold
TCB/M/1,10/SEP/2026,F,3561,221.00,sold
TCB/M/1,10/SEP/2026,F,976,221.00,sold
TCB/M/1,10/SEP/2026,F,1077,223.00,sold
TCB/M/1,10/SEP/2026,F,549,216.00,sold
TCB/M/1,10/SEP/2026,F,1301,220.00,sold
TCB/M/1,10/SEP/2026,F,772,241.00,sold
TCB/M/1,10/SEP/2026,TT,1202,217.00,sold
TCB/M/1,10/SEP/2026,TT,1973,219.00,sold
TCB/M/1,10/SEP/2026,TT,814,219.00,sold
TCB/M/1,10/SEP/2026,TT,731,219.00,sold
TCB/M/1,10/SEP/2026,TT,434,224.00,sold
TCB/M/1,10/SEP/2026,TT,428,221.00,sold
TCB/M/1,10/SEP/2026,TT,1120,222.00,sold
TCB/M/1,10/SEP/2026,TT,1477,228.00,sold
TCB/M/1,10/SEP/2026,AF,532,222.00,sold
TCB/M/1,10/SEP/2026,AF,1653,235.00,sold
TCB/M/1,10/SEP/2026,AF,3513,236.00,sold
TCB/M/1,10/SEP/2026,AF,1496,236.00,sold
TCB/M/1,10/SEP/2026,AF,913,236.00,sold
TCB/M/1,10/SEP/2026,AF,445,221.00,sold
TCB/M/1,10/SEP/2026,AF,487,226.00,sold
TCB/M/1,10/SEP/2026,AF,572,227.00,sold
TCB/M/1,10/SEP/2026,C,1318,256.00,sold
TCB/M/1,10/SEP/2026,C,1794,259.00,sold
TCB/M/1,10/SEP/2026,C,5043,275.00,sold
TCB/M/1,10/SEP/2026,C,1158,269.00,sold
TCB/M/1,10/SEP/2026,C,1463,278.00,sold
TCB/M/1,10/SEP/2026,C,694,274.00,sold
TCB/M/1,10/SEP/2026,C,2372,280.00,sold
TCB/M/1,10/SEP/2026,C,1400,286.00,sold
TCB/M/1,10/SEP/2026,B,5991,298.00,sold
TCB/M/1,10/SEP/2026,B,4876,300.00,sold
TCB/M/1,10/SEP/2026,B,6000,301.00,sold
TCB/M/1,10/SEP/2026,B,5990,307.00,sold
TCB/M/1,10/SEP/2026,B,5919,309.00,sold
TCB/M/1,10/SEP/2026,B,6000,311.00,sold
TCB/M/1,10/SEP/2026,B,6000,312.00,sold
TCB/M/1,10/SEP/2026,B,6000,312.00,sold
TCB/M/1,10/SEP/2026,B,6000,307.00,sold
TCB/M/1,10/SEP/2026,B,5988,316.00,sold
TCB/M/1,10/SEP/2026,B,991,313.00,sold
TCB/M/1,10/SEP/2026,B,5992,314.00,sold
TCB/M/1,10/SEP/2026,B,3866,315.00,sold
TCB/M/1,10/SEP/2026,B,6000,317.00,sold
TCB/M/1,10/SEP/2026,B,5991,315.00,sold
TCB/M/1,10/SEP/2026,B,27,,no bid
TCB/M/1,10/SEP/2026,B,6000,311.00,sold
TCB/M/1,10/SEP/2026,B,5991,312.00,sold
TCB/M/1,10/SEP/2026,B,3250,312.00,sold
TCB/M/1,10/SEP/2026,B,5992,317.00,sold
TCB/M/1,10/SEP/2026,B,705,313.00,sold
TCB/M/1,10/SEP/2026,B,6000,321.00,sold
TCB/M/1,10/SEP/2026,B,5991,315.00,sold
TCB/M/1,10/SEP/2026,B,1597,315.00,sold
TCB/M/1,10/SEP/2026,A,5725,315.00,sold
TCB/M/1,10/SEP/2026,A,5989,316.00,sold
TCB/M/1,10/SEP/2026,A,6000,318.00,sold
TCB/M/1,10/SEP/2026,A,145,309.00,sold
TCB/M/1,10/SEP/2026,A,5986,319.00,sold
TCB/M/1,10/SEP/2026,A,6000,319.00,sold
TCB/M/1,10/SEP/2026,A,6000,319.00,sold
TCB/M/1,10/SEP/2026,A,6000,321.00,sold
TCB/M/1,10/SEP/2026,A,6000,320.00,sold
TCB/M/1,10/SEP/2026,A,6000,316.00,sold
TCB/M/1,10/SEP/2026,A,3727,317.00,sold
TCB/M/1,10/SEP/2026,A,5992,317.00,sold
TCB/M/1,10/SEP/2026,A,1206,315.00,sold
TCB/M/1,10/SEP/2026,A,5992,316.00,sold
TCB/M/1,10/SEP/2026,A,1488,316.00,sold
TCB/M/1,10/SEP/2026,A,5991,314.00,sold
TCB/M/1,10/SEP/2026,A,4458,316.00,sold
TCB/M/1,10/SEP/2026,A,4282,316.00,sold
TCB/M/1,10/SEP/2026,A,5992,322.00,sold
TCB/M/1,10/SEP/2026,A,2080,321.00,sold
TCB/M/1,10/SEP/2026,AA,5990,315.00,sold
TCB/M/1,10/SEP/2026,AA,6000,318.00,sold
TCB/M/1,10/SEP/2026,AA,4701,318.00,sold
TCB/M/1,10/SEP/2026,AA,3803,314.00,sold
TCB/M/1,10/SEP/2026,AA,5991,319.00,sold
TCB/M/1,10/SEP/2026,AA,6000,320.00,sold
TCB/M/1,10/SEP/2026,AA,6000,318.00,sold
TCB/M/1,10/SEP/2026,AA,4097,323.00,sold
TCB/M/1,10/SEP/2026,AA,5992,322.00,sold
TCB/M/1,10/SEP/2026,AA,722,319.00,sold
TCB/M/1,10/SEP/2026,AA,5950,321.00,sold
TCB/M/1,10/SEP/2026,AA,5992,322.00,sold
TCB/M/1,10/SEP/2026,AA,2214,320.00,sold
TCB/M/1,10/SEP/2026,AA,3554,326.00,sold
TCB/M/1,10/SEP/2026,AA,5992,345.00,sold
TCB/M/1,10/SEP/2026,AA,372,339.00,sold
TCB/M/1,10/SEP/2026,PB,5992,326.00,sold
TCB/M/1,10/SEP/2026,PB,2194,318.00,sold
TCB/M/1,10/SEP/2026,PB,3634,321.00,sold
TCB/M/1,10/SEP/2026,PB,5991,324.00,sold
TCB/M/1,10/SEP/2026,PB,6000,327.00,sold
TCB/M/1,10/SEP/2026,PB,2736,320.00,sold
TCB/M/1,10/SEP/2026,PB,4552,326.00,sold
TCB/M/1,10/SEP/2026,PB,3520,317.00,sold
TCB/M/1,10/SEP/2026,PB,5992,320.00,sold
TCB/M/1,10/SEP/2026,PB,213,318.00,sold
TCB/M/1,10/SEP/2026,PB,2700,318.00,sold
TCB/M/1,10/SEP/2026,PB,5153,321.00,sold
TCB/M/1,10/SEP/2026,F,2157,227.00,sold
TCB/M/1,10/SEP/2026,TT,2397,223.00,sold
TCB/M/1,10/SEP/2026,AF,948,224.00,sold
TCB/M/1,10/SEP/2026,C,3162,288.00,sold
TCB/M/1,10/SEP/2026,B,6000,311.00,sold
TCB/M/1,10/SEP/2026,B,6000,312.00,sold
TCB/M/1,10/SEP/2026,B,4176,,no bid
TCB/M/1,10/SEP/2026,A,6000,312.00,sold
TCB/M/1,10/SEP/2026,A,6000,313.00,sold
TCB/M/1,10/SEP/2026,A,2434,310.00,sold
TCB/M/1,10/SEP/2026,AA,6000,315.00,sold
TCB/M/1,10/SEP/2026,AA,6000,315.00,sold
TCB/M/1,10/SEP/2026,AA,1309,315.00,sold
TCB/M/1,10/SEP/2026,PB,5156,315.00,sold
TCB/M/1,10/SEP/2026,AB,254,,no bid
TCB/M/1,10/SEP/2026,AB,112,235.00,sold
TCB/M/1,10/SEP/2026,AA,66,247.00,sold
TCB/M/1,10/SEP/2026,PB,266,201.00,sold
TCB/M/1,10/SEP/2026,PB,185,261.00,sold
TCB/M/1,10/SEP/2026,UG,229,157.00,sold
TCB/M/1,10/SEP/2026,UG,1912,211.00,sold
TCB/M/1,10/SEP/2026,UG,4862,211.00,sold
TCB/M/1,10/SEP/2026,UG,2068,217.00,sold
TCB/M/1,10/SEP/2026,UG,131,201.00,sold
TCB/M/1,10/SEP/2026,UG,48,194.00,sold
TCB/M/1,10/SEP/2026,UG,52,188.00,sold
TCB/M/2,17/SEP/2026,F,112,200.00,sold
TCB/M/2,17/SEP/2026,F,576,,no bid
TCB/M/2,17/SEP/2026,F,836,201.00,sold
TCB/M/2,17/SEP/2026,F,399,231.00,sold
TCB/M/2,17/SEP/2026,TT,513,209.00,sold
TCB/M/2,17/SEP/2026,TT,1205,210.00,sold
TCB/M/2,17/SEP/2026,TT,300,224.00,sold
TCB/M/2,17/SEP/2026,AF,563,218.00,sold
TCB/M/2,17/SEP/2026,AF,859,218.00,sold
TCB/M/2,17/SEP/2026,AF,732,242.00,sold
TCB/M/2,17/SEP/2026,C,877,248.00,sold
TCB/M/2,17/SEP/2026,C,686,248.00,sold
TCB/M/2,17/SEP/2026,C,180,,no bid
TCB/M/2,17/SEP/2026,C,797,257.00,sold
TCB/M/2,17/SEP/2026,B,426,300.00,sold
TCB/M/2,17/SEP/2026,B,1874,301.00,sold
TCB/M/2,17/SEP/2026,B,6000,309.00,sold
TCB/M/2,17/SEP/2026,B,998,311.00,sold
TCB/M/2,17/SEP/2026,B,2246,307.00,sold
TCB/M/2,17/SEP/2026,A,1299,309.00,sold
TCB/M/2,17/SEP/2026,A,6000,314.00,sold
TCB/M/2,17/SEP/2026,A,493,308.00,sold
TCB/M/2,17/SEP/2026,A,6000,313.00,sold
TCB/M/2,17/SEP/2026,A,680,307.00,sold
TCB/M/2,17/SEP/2026,A,6000,324.00,sold
TCB/M/2,17/SEP/2026,A,863,321.00,sold
TCB/M/2,17/SEP/2026,AA,183,307.00,sold
TCB/M/2,17/SEP/2026,AA,1920,310.00,sold
TCB/M/2,17/SEP/2026,AA,5991,314.00,sold
TCB/M/2,17/SEP/2026,AA,33,305.00,sold
TCB/M/2,17/SEP/2026,AA,1705,317.00,sold
TCB/M/2,17/SEP/2026,PB,480,307.00,sold
TCB/M/2,17/SEP/2026,PB,1530,306.00,sold
TCB/M/2,17/SEP/2026,PB,3710,308.00,sold
TCB/M/2,17/SEP/2026,PB,1844,310.00,sold
TCB/M/2,17/SEP/2026,UG,286,,no bid
TCB/M/2,17/SEP/2026,UG,637,218.00,sold
TCB/M/2,17/SEP/2026,F,92,200.00,sold
TCB/M/2,17/SEP/2026,F,107,200.00,sold
TCB/M/2,17/SEP/2026,F,138,200.00,sold
TCB/M/2,17/SEP/2026,C,731,241.00,sold
TCB/M/2,17/SEP/2026,C,832,248.00,sold
TCB/M/2,17/SEP/2026,C,976,237.00,sold
TCB/M/2,17/SEP/2026,E,47,220.00,sold
TCB/M/2,17/SEP/2026,E,70,238.00,sold
TCB/M/2,17/SEP/2026,AB,1437,304.00,sold
TCB/M/2,17/SEP/2026,AB,2040,308.00,sold
TCB/M/2,17/SEP/2026,AB,1713,302.00,sold
TCB/M/2,17/SEP/2026,AA,151,305.00,sold
TCB/M/2,17/SEP/2026,AA,318,304.00,sold
TCB/M/2,17/SEP/2026,AA,424,303.00,sold
TCB/M/2,17/SEP/2026,PB,82,301.00,sold
TCB/M/2,17/SEP/2026,PB,94,301.00,sold
TCB/M/2,17/SEP/2026,PB,247,301.00,sold
TCB/M/3,24/SEP/2026,C,3738,219.00,sold
TCB/M/3,24/SEP/2026,AB,5992,,no bid
TCB/M/3,24/SEP/2026,AB,3000,,no bid
TCB/M/3,24/SEP/2026,AB,5999,,no bid
TCB/M/3,24/SEP/2026,F,661,201.00,sold
TCB/M/3,24/SEP/2026,F,1601,211.00,sold
TCB/M/3,24/SEP/2026,TT,100,200.00,sold
TCB/M/3,24/SEP/2026,TT,168,208.00,sold
TCB/M/3,24/SEP/2026,AF,95,203.00,sold
TCB/M/3,24/SEP/2026,AF,157,210.00,sold
TCB/M/3,24/SEP/2026,C,382,235.00,sold
TCB/M/3,24/SEP/2026,C,2197,238.00,sold
TCB/M/3,24/SEP/2026,E,14,,no bid
TCB/M/3,24/SEP/2026,E,34,,no bid
TCB/M/3,24/SEP/2026,B,1883,,no bid
TCB/M/3,24/SEP/2026,B,5991,296.00,sold
TCB/M/3,24/SEP/2026,B,5053,295.00,sold
TCB/M/3,24/SEP/2026,A,1528,,no bid
TCB/M/3,24/SEP/2026,A,4762,301.00,sold
TCB/M/3,24/SEP/2026,AA,1382,302.00,sold
TCB/M/3,24/SEP/2026,AA,1966,305.00,sold
TCB/M/3,24/SEP/2026,PB,426,293.00,sold
TCB/M/3,24/SEP/2026,PB,1645,297.00,sold
TCB/M/3,24/SEP/2026,F,3280,208.00,sold
TCB/M/3,24/SEP/2026,F,3083,208.00,sold
TCB/M/3,24/SEP/2026,TT,2613,209.00,sold
TCB/M/3,24/SEP/2026,TT,1693,214.00,sold
TCB/M/3,24/SEP/2026,AF,1877,214.00,sold
TCB/M/3,24/SEP/2026,AF,808,222.00,sold
TCB/M/3,24/SEP/2026,C,4934,251.00,sold
TCB/M/3,24/SEP/2026,C,2460,253.00,sold
TCB/M/3,24/SEP/2026,B,6000,295.00,sold
TCB/M/3,24/SEP/2026,B,6000,297.00,sold
TCB/M/3,24/SEP/2026,B,6000,299.00,sold
TCB/M/3,24/SEP/2026,B,6000,297.00,sold
TCB/M/3,24/SEP/2026,B,6000,298.00,sold
TCB/M/3,24/SEP/2026,B,6000,298.00,sold
TCB/M/3,24/SEP/2026,B,3252,295.00,sold
TCB/M/3,24/SEP/2026,B,6000,297.00,sold
TCB/M/3,24/SEP/2026,B,6000,296.00,sold
TCB/M/3,24/SEP/2026,B,6000,300.00,sold
TCB/M/3,24/SEP/2026,B,4710,302.00,sold
TCB/M/3,24/SEP/2026,A,6000,,no bid
TCB/M/3,24/SEP/2026,A,6000,301.00,sold
TCB/M/3,24/SEP/2026,A,6000,303.00,sold
TCB/M/3,24/SEP/2026,A,2427,,no bid
TCB/M/3,24/SEP/2026,A,6000,302.00,sold
TCB/M/3,24/SEP/2026,A,6000,304.00,sold
TCB/M/3,24/SEP/2026,A,1219,304.00,sold
TCB/M/3,24/SEP/2026,AA,6000,303.00,sold
TCB/M/3,24/SEP/2026,AA,6000,306.00,sold
TCB/M/3,24/SEP/2026,AA,2605,303.00,sold
TCB/M/3,24/SEP/2026,AA,6000,309.00,sold
TCB/M/3,24/SEP/2026,AA,6000,311.00,sold
TCB/M/3,24/SEP/2026,AA,60,300.00,sold
TCB/M/3,24/SEP/2026,PB,6000,302.00,sold
TCB/M/3,24/SEP/2026,PB,6000,303.00,sold
TCB/M/3,24/SEP/2026,PB,2171,299.00,sold
TCB/M/3,24/SEP/2026,PB,6000,298.00,sold
TCB/M/3,24/SEP/2026,PB,600,301.00,sold
TCB/M/3,24/SEP/2026,F,46,201.00,sold
TCB/M/3,24/SEP/2026,F,65,201.00,sold
TCB/M/3,24/SEP/2026,C,370,239.00,sold
TCB/M/3,24/SEP/2026,C,382,246.00,sold
TCB/M/3,24/SEP/2026,AB,1110,304.00,sold
TCB/M/3,24/SEP/2026,AB,1233,300.00,sold
TCB/M/3,24/SEP/2026,AA,361,301.00,sold
TCB/M/3,24/SEP/2026,AA,479,303.00,sold
TCB/M/3,24/SEP/2026,PB,111,303.00,sold
TCB/M/3,24/SEP/2026,PB,117,305.00,sold
TCB/M/3,24/SEP/2026,AB,254,205.00,sold
TCB/M/4,01/OCT/2026,F,6000,,no bid
TCB/M/4,01/OCT/2026,F,415,,no bid
TCB/M/4,01/OCT/2026,F,1537,215.00,sold
TCB/M/4,01/OCT/2026,TT,2040,,no bid
TCB/M/4,01/OCT/2026,TT,668,219.00,sold
TCB/M/4,01/OCT/2026,AF,1183,,no bid
TCB/M/4,01/OCT/2026,AF,382,,no bid
TCB/M/4,01/OCT/2026,C,3884,,no bid
TCB/M/4,01/OCT/2026,C,1675,252.00,sold
TCB/M/4,01/OCT/2026,E,154,235.00,sold
TCB/M/4,01/OCT/2026,B,6000,,no bid
TCB/M/4,01/OCT/2026,B,5467,295.00,sold
TCB/M/4,01/OCT/2026,B,4176,301.00,sold
TCB/M/4,01/OCT/2026,B,5991,318.00,sold
TCB/M/4,01/OCT/2026,B,2747,316.00,sold
TCB/M/4,01/OCT/2026,A,5799,,no bid
TCB/M/4,01/OCT/2026,A,5991,315.00,sold
TCB/M/4,01/OCT/2026,A,747,316.00,sold
TCB/M/4,01/OCT/2026,AA,4366,,no bid
TCB/M/4,01/OCT/2026,AA,5927,316.00,sold
TCB/M/4,01/OCT/2026,PB,4252,,no bid
TCB/M/4,01/OCT/2026,PB,3394,309.00,sold
TCB/M/4,01/OCT/2026,UG,660,208.00,sold
TCB/M/4,01/OCT/2026,F,576,213.00,sold
TCB/M/4,01/OCT/2026,C,180,230.00,sold
TCB/M/4,01/OCT/2026,C,230,252.00,sold
TCB/M/4,01/OCT/2026,B,26,,no bid
TCB/M/4,01/OCT/2026,B,2120,319.00,sold
TCB/M/4,01/OCT/2026,A,6000,321.00,sold
TCB/M/4,01/OCT/2026,A,2427,316.00,sold
TCB/M/4,01/OCT/2026,A,1526,320.00,sold
TCB/M/4,01/OCT/2026,AA,1399,327.00,sold
TCB/M/4,01/OCT/2026,PB,676,316.00,sold
TCB/M/4,01/OCT/2026,UG,286,201.00,sold
TCB/M/4,01/OCT/2026,UG,650,219.00,sold
TCB/M/4,01/OCT/2026,F,646,220.00,sold
TCB/M/4,01/OCT/2026,F,247,219.00,sold
TCB/M/4,01/OCT/2026,TT,212,217.00,sold
TCB/M/4,01/OCT/2026,TT,83,215.00,sold
TCB/M/4,01/OCT/2026,C,1072,258.00,sold
TCB/M/4,01/OCT/2026,C,532,260.00,sold
TCB/M/4,01/OCT/2026,AB,2537,311.00,sold
TCB/M/4,01/OCT/2026,AB,3425,316.00,sold
TCB/M/4,01/OCT/2026,AA,925,315.00,sold
TCB/M/4,01/OCT/2026,AA,284,320.00,sold
TCB/M/4,01/OCT/2026,PB,451,318.00,sold
TCB/M/4,01/OCT/2026,PB,259,316.00,sold
TCB/M/4,01/OCT/2026,F,45,203.00,sold
TCB/M/4,01/OCT/2026,F,198,223.00,sold
TCB/M/4,01/OCT/2026,C,271,260.00,sold
TCB/M/4,01/OCT/2026,C,1312,259.00,sold
TCB/M/4,01/OCT/2026,E,100,240.00,sold
TCB/M/4,01/OCT/2026,AB,930,317.00,sold
TCB/M/4,01/OCT/2026,AB,4858,321.00,sold
TCB/M/4,01/OCT/2026,AA,215,312.00,sold
TCB/M/4,01/OCT/2026,AA,1186,316.00,sold
TCB/M/4,01/OCT/2026,PB,128,316.00,sold
TCB/M/4,01/OCT/2026,PB,461,322.00,sold
